{
"bye":"https://raw.githubusercontent.com/LUCIFER-MD/LUCIFER-MD-DATA-BASE/refs/heads/main/STK-20250411-WA0019.webp",
"I love you":"https://raw.githubusercontent.com/LUCIFER-MD/LUCIFER-MD-DATA-BASE/refs/heads/main/STK-20250411-WA0032.webp",
"Lucifer":"https://raw.githubusercontent.com/LUCIFER-MD/LUCIFER-MD-DATA-BASE/refs/heads/main/STK-20250315-WA0010.webp", 
"CYBER DEXTER":"https://raw.githubusercontent.com/LUCIFER-MD/LUCIFER-MD-DATA-BASE/refs/heads/main/STK-20250411-WA0065.webp",
"hi":"https://raw.githubusercontent.com/LUCIFER-MD/LUCIFER-MD-DATA-BASE/refs/heads/main/STK-20250411-WA0177.webp"
}